YS (MPa),UTS (MPa),K (Mpa),n,Lankford anisotropy coefficient (r),Category,Thickness,"Tool diameter (A, mm)","Step size (B, mm)",Spindle Speed (rpm),"Feed rate (D, mm/min)",Surface roughness (SR),Wall Angle (degree,r/h or l/h,Links,tool dia>5,tool dia>5 and n>0.11,,Category
171.27,194.18,310.4,0.11,0.55,variable angle conical shaped part,0.7,4,0.2,2500,500,1.74,78.89,5.102,https://journals.sagepub.com/doi/epub/10.1177/0954405419846001,FALSE,FALSE,0,#N/A
171.27,194.18,310.4,0.11,0.55,variable angle conical shaped part,0.7,10,0.2,2500,500,1.45,75.11,5.102,,TRUE,FALSE,,
171.27,194.18,310.4,0.11,0.55,variable angle conical shaped part,0.7,4,1,2500,500,6.91,73.68,5.102,,FALSE,FALSE,,
171.27,194.18,310.4,0.11,0.55,variable angle conical shaped part,0.7,10,1,2500,500,3.91,68.32,5.102,,TRUE,FALSE,,
171.27,194.18,310.4,0.11,0.55,variable angle conical shaped part,0.7,10,0.6,2500,1000,2.66,77.63,5.102,,TRUE,FALSE,,
171.27,194.18,310.4,0.11,0.55,variable angle conical shaped part,0.7,4,0.6,2500,1000,2.91,78.99,5.102,,FALSE,FALSE,,
171.27,194.18,310.4,0.11,0.55,variable angle conical shaped part,0.7,7,0.2,2500,1000,2.99,74.65,5.102,,TRUE,FALSE,,
171.27,194.18,310.4,0.11,0.55,variable angle conical shaped part,0.7,7,1,2500,1000,4.02,69.54,5.102,,TRUE,FALSE,,
171.27,194.18,310.4,0.11,0.55,variable angle conical shaped part,0.7,7,0.2,2500,500,4.74,81.27,5.102,,TRUE,FALSE,,
171.27,194.18,310.4,0.11,0.55,variable angle conical shaped part,0.7,7,1,2500,500,2.37,75.6,5.102,,TRUE,FALSE,,0.3103
171.27,194.18,310.4,0.11,0.55,variable angle conical shaped part,0.7,7,0.6,2500,1000,4.09,69.63,5.102,,TRUE,FALSE,,
171.27,194.18,310.4,0.11,0.55,variable angle conical shaped part,0.7,4,0.6,2500,1000,3.15,72.29,5.102,,FALSE,FALSE,,
171.27,194.18,310.4,0.11,0.55,variable angle conical shaped part,0.7,10,0.6,2500,1000,4.09,69.63,5.102,,TRUE,FALSE,,
171.27,194.18,310.4,0.11,0.55,variable angle conical shaped part,0.7,7,0.6,2500,500,3.15,72.21,5.102,,TRUE,FALSE,,
171.27,194.18,310.4,0.11,0.55,variable angle conical shaped part,0.7,7,0.6,2500,1000,3.05,72.34,5.102,,TRUE,FALSE,,
206,337,560,0.23,1.6,Square+circular base and conical,1,6,0.15,2000,900,1.312,45,3.42,https://journals.sagepub.com/doi/epub/10.1177/0954405414564408,TRUE,TRUE,,
206,337,560,0.23,1.6,Square+circular base and conical,1,14,0.15,2000,900,0.697,45,3.42,,TRUE,TRUE,,
206,337,560,0.23,1.6,Square+circular base and conical,1,6,0.45,2000,900,2.3151,45,3.42,,TRUE,TRUE,,
206,337,560,0.23,1.6,Square+circular base and conical,1,14,0.45,2000,900,0.8622,45,3.42,,TRUE,,,
206,337,560,0.23,1.6,Square+circular base and conical,1,10,0.3,2000,700,0.677,30,3.42,,TRUE,,,
206,337,560,0.23,1.6,Square+circular base and conical,1,10,0.3,2000,700,0.6452,35,3.42,,TRUE,,,
206,337,560,0.23,1.6,Square+circular base and conical,1,10,0.3,2000,1100,0.7399,35,3.42,,TRUE,,,
206,337,560,0.23,1.6,Square+circular base and conical,1,10,0.3,2000,900,0.75,35,3.42,,TRUE,,,
206,337,560,0.23,1.6,Square+circular base and conical,1,10,0.15,2000,900,0.534,45,3.42,,TRUE,,,
206,337,560,0.23,1.6,Square+circular base and conical,1,10,0.45,2000,900,0.8383,45,3.42,,TRUE,,,
206,337,560,0.23,1.6,Square+circular base and conical,1,10,0.15,2000,900,0.5547,45,3.42,,TRUE,,,
206,337,560,0.23,1.6,Square+circular base and conical,1,10,0.45,2000,900,0.9292,45,3.42,,TRUE,,,
206,337,560,0.23,1.6,Square+circular base and conical,1,6,0.3,2000,900,1.934,35,3.42,,TRUE,,,
206,337,560,0.23,1.6,Square+circular base and conical,1,14,0.3,2000,900,1.0282,55,3.42,,TRUE,,,
206,337,560,0.23,1.6,Square+circular base and conical,1,6,0.3,2000,900,1.869,55,3.42,,TRUE,,,
206,337,560,0.23,1.6,Square+circular base and conical,1,14,0.3,2000,900,0.9209,35,3.42,,TRUE,,,
206,337,560,0.23,1.6,Square+circular base and conical,1,10,0.3,2000,700,0.7024,35,3.42,,TRUE,,,
206,337,560,0.23,1.6,Square+circular base and conical,1,10,0.3,2000,700,0.5704,45,3.42,,TRUE,,,
206,337,560,0.23,1.6,Square+circular base and conical,1,10,0.3,2000,700,0.5656,45,3.42,,TRUE,,,
206,337,560,0.23,1.6,Square+circular base and conical,1,10,0.3,2000,1100,0.749,45,3.42,,TRUE,,,
206,337,560,0.23,1.6,Square+circular base and conical,1,10,0.15,2000,900,0.7658,55,3.42,,TRUE,,,
206,337,560,0.23,1.6,Square+circular base and conical,1,10,0.45,2000,900,1.0573,35,3.42,,TRUE,,,
206,337,560,0.23,1.6,Square+circular base and conical,1,10,0.3,2000,900,0.8347,55,3.42,,,,,
206,337,560,0.23,1.6,Square+circular base and conical,1,10,0.3,2000,700,2.2284,45,3.42,,,,,
206,337,560,0.23,1.6,Square+circular base and conical,1,6,0.3,2000,700,2.593,45,3.42,,,,,
206,337,560,0.23,1.6,Square+circular base and conical,1,14,0.3,2000,1100,0.7944,45,3.42,,,,,
206,337,560,0.23,1.6,Square+circular base and conical,1,6,0.3,2000,900,0.8622,45,3.42,,,,,
206,337,560,0.23,1.6,Square+circular base and conical,1,14,0.3,2000,700,0.6944,35,3.42,,,,,
206,337,560,0.23,1.6,Square+circular base and conical,1,10,0.3,2000,700,0.8207,35,3.42,,,,,
206,337,560,0.23,1.6,Square+circular base and conical,1,10,0.3,2000,700,0.916,45,3.42,,,,,
206,337,560,0.23,1.6,Square+circular base and conical,1,10,0.3,2000,900,0.9232,35,3.42,,,,,
206,337,560,0.23,1.6,Square+circular base and conical,1,10,0.3,2000,900,0.7418,35,3.42,,,,,
206,337,560,0.23,1.6,Square+circular base and conical,1,6,0.3,2000,900,0.6337,35,3.42,,,,,
206,337,560,0.23,1.6,Square+circular base and conical,1,14,0.15,2000,900,0.8812,55,3.42,,,,,
206,337,560,0.23,1.6,Square+circular base and conical,1,6,0.15,2000,900,1.7091,45,3.42,,,,,
206,337,560,0.23,1.6,Square+circular base and conical,1,14,0.45,2000,900,1.8554,45,3.42,,,,,
206,337,560,0.23,1.6,Square+circular base and conical,1,10,0.3,2000,900,0.746,45,3.42,,,,,
206,337,560,0.23,1.6,Square+circular base and conical,1,10,0.3,2000,700,0.6745,45,3.42,,,,,
206,337,560,0.23,1.6,Square+circular base and conical,1,10,0.45,2000,1100,0.6884,45,3.42,,,,,
206,337,560,0.23,1.6,Square+circular base and conical,1,10,0.15,2000,1100,0.884,45,3.42,,,,,
206,337,560,0.23,1.6,Square+circular base and conical,1,10,0.45,2000,900,0.616,45,3.42,,,,,
206,337,560,0.23,1.6,Square+circular base and conical,1,10,0.3,2000,700,0.6746,45,3.42,,,,,
206,337,560,0.23,1.6,Square+circular base and conical,1,10,0.45,2000,900,0.7717,45,3.42,,,,,
206,337,560,0.23,1.6,Square+circular base and conical,1,10,0.3,2000,900,0.536,45,3.42,,,,,
206,337,560,0.23,1.6,Square+circular base and conical,1,10,0.3,2000,900,0.8767,45,3.42,,,,,
206,337,560,0.23,1.6,Square+circular base and conical,1,12.31,0.28,2000,1098.51,0.7105,35.01,3.42,,,,,
135,150,210,0.25,0.77,variable angle circular shaped part,0.4,8,0.5,300,300,0.46,41.7,1,https://pdf.sciencedirectassets.com/271454/1-s2.0-S0263224115X00169/1-s2.0-S026322411500559X/main.pdf?X-Amz-Security-Token=IQoJb3JpZ2luX2VjEAwaCXVzLWVhc3QtMSJHMEUCIQDU9xeMpdV58ihfrFVlZmiziLSeVLu4I898fLh7I%2BpYaAIgC9KvIVaz8aPokKEn0HjD4toKyxjIshlzCWXUABMuLhoqvAUIlP%2F%2F%2F%2F%2F%2F%2F%2F%2F%2FARAFGgwwNTkwMDM1NDY4NjUiDEQZtXC6t%2FI0ArDXwyqQBeMb%2FpgvIIg9lVsrywgSuJoj2AHH2Sh3jQhQS4Bj6U2y04iWVAEcHnuARSBNxj3t7nY0R8cMaUmb6%2BPwrB3mduN5oEm6ar6Ey3naZyPE6FPskprzK%2B4Jbfa3F%2BpXSiIRkcoiInuKhQkxG3qVl50%2FRfbTU5gqaOSzRkca5bSQBY9wfDz4C7m9KucIaVFMVxJZJ%2BUwWCNTnjXLptvNsSnY6fLk49FRodL5nGOXxI7Oi6gl1Vo%2B%2FN9R%2Bcs63fvworx5mpJxf6ts%2B%2BPkeojTXafWWG2DnF5NHJ2okgu4BWqLk%2BJwK1TP94rLIosSVDfWooI6wP8u71DPtmXsTVzyxGqmKdcJvRnAuZtpeTDgW1Rpf0G1pEwg4Y4%2BGENrHlyVwjuSwwv2krqbK8G%2B1jaHRfYpoPdJybNJqV690ACX88Q2IvpNdHzI58%2B%2F4SkedK8URtk0nxbozXmVJsqxPcYQPHnI6CQs2TYugTH5TCpDOVig6Syvsue6fRokYMv%2BcWZsbbXR44DODCgNT0CENGoMnYWHUaRFztd6W1Dame8kHFn86bKWzUp0gmjDtivSLn8zReUtitzCXpHVMd23KVShE7f7TAPMZ%2BdPcXuW23D5KH%2BYfaBwREs8WEbF1iAlU9tRKlJyMs0mEEkBMz6YVIeYbBIPMlsJvP857uNfJt%2BdCB4Fw0uPnIv%2Fm%2BJ7r%2FPkQwBu1wrYgDAC52vUiCUV298%2Fyu5una4tciiKBFK7GK5ojvrS53pUL0SxQ5SDMr%2FIFohWfW2oB5ou9BWTYkmEH%2BTp%2FHLArIRaRQwsQv7kRPucjwmvOjXdibaoRAqJPvfyQ1AR6dIVL3q6qjEA60H%2Bpe7fT5PD%2B62%2BugkMjIXFiYBuVIiGPOsLMNGn%2BLIGOrEBaTw%2BMk59kB43Ekj%2B1LVZ4%2FJOOR8J7T%2BK%2B2oriUJiNiH26uYqOVeqlBy3AKrG%2BAIBt8jKYvbg63lTNDjqlPJ3T7JY0wwfLXAWo1bW4fB0dlWFfznpsDEwfTGnRyPKzdvSnrSEcwiDgpRoUwFc%2Bi9fi1WGcfrv4I2p8NISvn96aezNrQVtXrVJPbFx821kgu%2FnveMGIV7fAxysCTmE2769P3SJS5l8QyrpIhVS5O9Iw0%2Be&X-Amz-Algorithm=AWS4-HMAC-SHA256&X-Amz-Date=20240603T201609Z&X-Amz-SignedHeaders=host&X-Amz-Expires=300&X-Amz-Credential=ASIAQ3PHCVTYQTQIEZHQ%2F20240603%2Fus-east-1%2Fs3%2Faws4_request&X-Amz-Signature=047f64cd2886af27f148d9690bb7969fa06d6d628b9754c8c05afaa423017795&hash=220e4ed352c2f99808cc81b39a5c4d8b4f0923386a86a6060bcbce07843dad69&host=68042c943591013ac2b2430a89b270f6af2c76d8dfd086a07176afe7c76c2c61&pii=S026322411500559X&tid=spdf-84c890a1-ee49-4a47-a134-b2a6cd4e1ad3&sid=154d406711c6a444ec3896c0c9a9b783a4c0gxrqb&type=client&tsoh=d3d3LnNjaWVuY2VkaXJlY3QuY29t&ua=0d095e5907555a0d08&rr=88e25bfa68e933b4&cc=in,,,,
135,150,210,0.25,0.77,variable angle circular shaped part,0.4,10,1,450,600,1.13,49.7,1,,,,,
135,150,210,0.25,0.77,variable angle circular shaped part,0.4,12,1.5,600,900,1.03,55.015,1,,,,,
135,150,210,0.25,0.77,variable angle circular shaped part,0.4,8,1,450,300,1.18,43.573,1,,,,,
135,150,210,0.25,0.77,variable angle circular shaped part,0.4,10,1.5,600,600,0.91,53.037,1,,,,,
135,150,210,0.25,0.77,variable angle circular shaped part,0.4,12,0.5,300,900,0.81,41.8,1,,,,,
135,150,210,0.25,0.77,variable angle circular shaped part,0.4,8,1.5,300,600,0.65,53.148,1,,,,,
135,150,210,0.25,0.77,variable angle circular shaped part,0.4,10,0.5,450,900,0.3,35.245,1,,,,,
135,150,210,0.25,0.77,variable angle circular shaped part,0.4,12,1,600,300,0.78,41.113,1,,,,,
135,150,210,0.25,0.77,variable angle circular shaped part,0.4,8,1,600,900,0.97,44.5,1,,,,,
135,150,210,0.25,0.77,variable angle circular shaped part,0.4,10,1.5,300,300,1.3,52.25,1,,,,,
135,150,210,0.25,0.77,variable angle circular shaped part,0.4,12,0.5,450,600,1.11,36.05,1,,,,,
135,150,210,0.25,0.77,variable angle circular shaped part,0.4,8,0.5,600,600,0.76,36.167,1,,,,,
135,150,210,0.25,0.77,variable angle circular shaped part,0.4,10,1,300,900,1.29,51.033,1,,,,,
135,150,210,0.25,0.77,variable angle circular shaped part,0.4,12,1.5,450,300,1,50.133,1,,,,,
135,150,210,0.25,0.77,variable angle circular shaped part,0.4,8,1.5,450,900,1.28,52.058,1,,,,,
135,150,210,0.25,0.77,variable angle circular shaped part,0.4,10,0.5,600,300,0.95,31.95,1,,,,,
135,150,210,0.25,0.77,variable angle circular shaped part,0.4,12,1,300,600,0.84,48.88,1,,,,,
228,317,642,0.341,0.3,Square-shaped constant angle,1,6,0.25,2000,60,1.5,21.9,2.49,https://www.researchgate.net/publication/334338010_Inverse_analysis_and_multi-objective_optimization_of_single-point_incremental_forming_of_AA5083_aluminum_alloy_sheet,,,,
228,317,642,0.341,0.3,Square-shaped constant angle,1,10,0.25,2000,60,1.2,17.7,2.49,,,,,
228,317,642,0.341,0.3,Square-shaped constant angle,1,6,0.75,2000,60,1,46.9,2.49,,,,,
228,317,642,0.341,0.3,Square-shaped constant angle,1,10,0.75,2000,60,1.5,49,2.49,,,,,
228,317,642,0.341,0.3,Square-shaped constant angle,1,6,0.25,2000,100,2.3,18.7,2.49,,,,,
228,317,642,0.341,0.3,Square-shaped constant angle,1,10,0.25,2000,100,1.5,19.1,2.49,,,,,
228,317,642,0.341,0.3,Square-shaped constant angle,1,6,0.75,2000,100,3,53.7,2.49,,,,,
228,317,642,0.341,0.3,Square-shaped constant angle,1,10,0.75,2000,100,1.9,45.9,2.49,,,,,
228,317,642,0.341,0.3,Square-shaped constant angle,1,6,0.5,2000,80,2.2,43,2.49,,,,,
228,317,642,0.341,0.3,Square-shaped constant angle,1,10,0.5,2000,80,3.2,40.1,2.49,,,,,
228,317,642,0.341,0.3,Square-shaped constant angle,1,8,0.25,2000,80,2.3,17.8,2.49,,,,,
228,317,642,0.341,0.3,Square-shaped constant angle,1,8,0.75,2000,80,2.8,51.6,2.49,,,,,
228,317,642,0.341,0.3,Square-shaped constant angle,1,8,0.5,2000,60,2.5,55.6,2.49,,,,,
228,317,642,0.341,0.3,Square-shaped constant angle,1,8,0.5,2000,100,4,61.8,2.49,,,,,
228,317,642,0.341,0.3,Square-shaped constant angle,1,8,0.5,2000,80,3.2,60.8,2.49,,,,,
228,317,642,0.341,0.3,Square-shaped constant angle,1,6,0.3,2000,70,2.1,40,2.49,,,,,
228,317,642,0.341,0.3,Square-shaped constant angle,1,7,0.6,2000,70,2.7,39,2.49,,,,,
228,317,642,0.341,0.3,Square-shaped constant angle,1,8,0.6,2000,70,3.4,37.5,2.49,,,,,
228,317,642,0.341,0.3,Square-shaped constant angle,1,9,0.6,2000,70,3.2,38,2.49,,,,,
228,317,642,0.341,0.3,Square-shaped constant angle,1,10,0.3,2000,90,1.8,55.8,2.49,,,,,
228,317,642,0.341,0.3,Square-shaped constant angle,1,6,0.6,2000,90,3.1,46.9,2.49,,,,,
228,317,642,0.341,0.3,Square-shaped constant angle,1,7,0.3,2000,90,2.1,60.8,2.49,,,,,
228,317,642,0.341,0.3,Square-shaped constant angle,1,8,0.3,2000,90,2.9,56.9,2.49,,,,,
228,317,642,0.341,0.3,Square-shaped constant angle,1,9,0.3,2000,90,2.2,61,2.49,,,,,
228,317,642,0.341,0.3,Square-shaped constant angle,1,10,0.6,2000,70,2.6,32.3,2.49,,,,,
189.35,260.37,455,0.14,0.66,variable angle conical shaped part,1,10,0.2,2000,600,2.1,83.9,1,https://link.springer.com/article/10.1007/s40430-016-0703-7,,,,
189.35,260.37,455,0.14,0.66,variable angle conical shaped part,1,10,0.2,2000,2200,2.3,83.45,1,,,,,
189.35,260.37,455,0.14,0.66,variable angle conical shaped part,1,10,0.6,2000,600,4.2,80.8,1,,,,,
189.35,260.37,455,0.14,0.66,variable angle conical shaped part,1,10,0.6,2000,2200,4.5,77.38,1,,,,,
189.35,260.37,455,0.14,0.66,variable angle conical shaped part,0.8,8,0.4,2000,1400,4.8,82.68,1,,,,,
189.35,260.37,455,0.14,0.66,variable angle conical shaped part,0.8,12,0.4,2000,1400,2.8,77.54,1,,,,,
189.35,260.37,455,0.14,0.66,variable angle conical shaped part,1.2,8,0.4,2000,1400,4.2,82.56,1,,,,,
189.35,260.37,455,0.14,0.66,variable angle conical shaped part,1.2,12,0.4,2000,1400,2.6,78.35,1,,,,,
189.35,260.37,455,0.14,0.66,variable angle conical shaped part,0.8,10,0.4,2000,600,3.3,80,1,,,,,
189.35,260.37,455,0.14,0.66,variable angle conical shaped part,0.8,10,0.4,2000,2200,3.5,78.98,1,,,,,
189.35,260.37,455,0.14,0.66,variable angle conical shaped part,1.2,10,0.4,2000,600,3.2,82.33,1,,,,,
189.35,260.37,455,0.14,0.66,variable angle conical shaped part,1.2,10,0.4,2000,2200,3.3,79.95,1,,,,,
189.35,260.37,455,0.14,0.66,variable angle conical shaped part,1,8,0.2,2000,1400,3.3,85.06,1,,,,,
189.35,260.37,455,0.14,0.66,variable angle conical shaped part,1,8,0.6,2000,1400,7.7,80.34,1,,,,,
189.35,260.37,455,0.14,0.66,variable angle conical shaped part,1,12,0.2,2000,1400,1.9,81.51,1,,,,,
189.35,260.37,455,0.14,0.66,variable angle conical shaped part,1,12,0.6,2000,1400,3.5,76.26,1,,,,,
189.35,260.37,455,0.14,0.66,variable angle conical shaped part,1,8,0.4,2000,600,5.4,81.72,1,,,,,
189.35,260.37,455,0.14,0.66,variable angle conical shaped part,1,8,0.4,2000,2200,5.9,80.69,1,,,,,
189.35,260.37,455,0.14,0.66,variable angle conical shaped part,1,12,0.4,2000,600,2.9,78.36,1,,,,,
189.35,260.37,455,0.14,0.66,variable angle conical shaped part,1,12,0.4,2000,2200,3.2,77.35,1,,,,,
189.35,260.37,455,0.14,0.66,variable angle conical shaped part,1,10,0.2,2000,1400,2.4,83.45,1,,,,,
189.35,260.37,455,0.14,0.66,variable angle conical shaped part,0.8,10,0.6,2000,1400,4.7,77.96,1,,,,,
189.35,260.37,455,0.14,0.66,variable angle conical shaped part,0.8,10,0.2,2000,1400,2.1,83.11,1,,,,,
189.35,260.37,455,0.14,0.66,variable angle conical shaped part,1.2,10,0.6,2000,1400,4.2,81.87,1,,,,,
189.35,260.37,455,0.14,0.66,variable angle conical shaped part,1.2,10,0.4,2000,1400,3.2,81.2,1,,,,,
189.35,260.37,455,0.14,0.66,variable angle conical shaped part,1,10,0.4,2000,1400,3.2,81.2,1,,,,,
189.35,260.37,455,0.14,0.66,variable angle conical shaped part,1,10,0.4,2000,1400,3.2,81.2,1,,,,,
189.35,260.37,455,0.14,0.66,variable angle conical shaped part,1,10,0.4,2000,1400,3.2,81.2,1,,,,,
189.35,260.37,455,0.14,0.66,variable angle conical shaped part,1,10,0.4,2000,1400,3.2,81.2,1,,,,,
75.8,172,460,0.25,0.7,Square frustum with constant angle,1.5,10,0.3,450,1500,3.74,68.2,2.1185,https://link.springer.com/article/10.1007/s13369-022-07333-z,,,,
75.8,172,460,0.25,0.7,Square frustum with constant angle,1.5,10,0.3,450,2500,4.01,67,2.0227,,,,,
75.8,172,460,0.25,0.7,Square frustum with constant angle,1.5,10,0.3,950,1500,3.45,61.5,1.9016,,,,,
75.8,172,460,0.25,0.7,Square frustum with constant angle,1.5,10,0.3,950,2500,3.65,62.2,1.8698,,,,,
75.8,172,460,0.25,0.7,Square frustum with constant angle,1.5,10,0.9,450,1500,3.27,64.5,1.9428,,,,,
75.8,172,460,0.25,0.7,Square frustum with constant angle,1.5,10,0.9,450,2500,3.49,53.8,1.5728,,,,,
75.8,172,460,0.25,0.7,Square frustum with constant angle,1.5,10,0.9,950,1500,3.19,57.4,1.6945,,,,,
75.8,172,460,0.25,0.7,Square frustum with constant angle,1.5,10,0.9,950,2500,3.34,51.3,1.4899,,,,,
75.8,172,460,0.25,0.7,Square frustum with constant angle,1.5,10,0.6,700,1159.1,4.56,65.5,1.9794,,,,,
75.8,172,460,0.25,0.7,Square frustum with constant angle,1.5,10,0.6,700,2840.8,5.18,54.3,1.5869,,,,,
75.8,172,460,0.25,0.7,Square frustum with constant angle,1.5,10,0.6,279.55,2000,3.54,59.5,1.7915,,,,,
75.8,172,460,0.25,0.7,Square frustum with constant angle,1.5,10,0.6,1120.4,2000,2.32,56.5,1.6525,,,,,
75.8,172,460,0.25,0.7,Square frustum with constant angle,1.5,10,0.1,700,2000,2.41,71.6,2.1765,,,,,
75.8,172,460,0.25,0.7,Square frustum with constant angle,1.5,10,1.1,700,2000,1.92,61.4,1.8495,,,,,
75.8,172,460,0.25,0.7,Square frustum with constant angle,1.5,10,0.6,700,2000,2.41,50.2,1.4491,,,,,
75.8,172,460,0.25,0.7,Square frustum with constant angle,1.5,10,0.6,700,2000,2.75,46.7,1.4491,,,,,
75.8,172,460,0.25,0.7,Square frustum with constant angle,1.5,10,0.6,700,2000,2.7,47.3,1.4491,,,,,
75.8,172,460,0.25,0.7,Square frustum with constant angle,1.5,10,0.6,700,2000,2.75,41.6,1.4491,,,,,
75.8,172,460,0.25,0.7,Square frustum with constant angle,1.5,10,0.6,700,2000,2.71,49.5,1.4491,,,,,
75.8,172,460,0.25,0.7,Square frustum with constant angle,1.5,10,0.6,700,2000,2.73,44.7,1.4491,,,,,
75.8,172,460,0.25,0.7,Square frustum with constant angle,1.5,10,0.3,450,1500,3.74,68.2,1.4491,,,,,
75.8,172,460,0.25,0.7,Square frustum with constant angle,1.5,10,0.3,450,2500,4.01,67,1.4491,,,,,
75.8,172,460,0.25,0.7,Square frustum with constant angle,1.5,10,0.3,950,1500,3.45,61.5,1.4491,,,,,
75.8,172,460,0.25,0.7,Square frustum with constant angle,1.5,10,0.3,950,2500,3.65,62.2,1.4491,,,,,
75.8,172,460,0.25,0.7,Square frustum with constant angle,1.5,10,0.9,450,1500,3.27,64.5,1.4491,,,,,
75.8,172,460,0.25,0.7,Square frustum with constant angle,1.5,10,0.9,450,2500,3.49,53.8,2.1765,,,,,
75.8,172,460,0.25,0.7,Square frustum with constant angle,1.5,10,0.9,950,1500,3.19,57.4,2.1765,,,,,
75.8,172,460,0.25,0.7,Square frustum with constant angle,1.5,10,0.9,950,2500,3.34,51.3,1.9016,,,,,
75.8,172,460,0.25,0.7,Square frustum with constant angle,1.5,10,0.6,700,1159.1,4.56,65.5,1.4491,,,,,
75.8,172,460,0.25,0.7,Square frustum with constant angle,1.5,10,0.6,700,2840.8,5.18,54.3,1.4491,,,,,
75.8,172,460,0.25,0.7,Square frustum with constant angle,1.5,10,0.6,279.55,2000,3.54,59.5,1.4491,,,,,
75.8,172,460,0.25,0.7,Square frustum with constant angle,1.5,10,0.6,1120.4,2000,2.32,56.5,1.9016,,,,,
75.8,172,460,0.25,0.7,Square frustum with constant angle,1.5,10,0.1,700,2000,2.41,71.6,1.4491,,,,,
75.8,172,460,0.25,0.7,Square frustum with constant angle,1.5,10,1.1,700,2000,1.92,61.4,1.9016,,,,,
75.8,172,460,0.25,0.7,Square frustum with constant angle,1.5,10,0.6,700,2000,2.41,50.2,1.4491,,,,,
75.8,172,460,0.25,0.7,Square frustum with constant angle,1.5,10,0.6,700,2000,2.75,46.7,1.9016,,,,,
75.8,172,460,0.25,0.7,Square frustum with constant angle,1.5,10,0.6,700,2000,2.7,47.3,1.4491,,,,,
75.8,172,460,0.25,0.7,Square frustum with constant angle,1.5,15,0.6,700,2000,2.75,41.6,2.1765,,,,,
75.8,172,460,0.25,0.7,Square frustum with constant angle,1.5,15,0.6,700,2000,2.71,49.5,2.1765,,,,,
75.8,172,460,0.25,0.7,Square frustum with constant angle,1.5,10,0.6,700,2000,2.73,44.7,1.9016,,,,,
75.8,172,460,0.25,0.7,Square frustum with constant angle,1.5,10,0.3,450,1500,3.74,68.2,1.9016,,,,,
75.8,172,460,0.25,0.7,Square frustum with constant angle,1.5,10,0.3,450,2500,4.01,67,1.9016,,,,,
75.8,172,460,0.25,0.7,Square frustum with constant angle,1.5,10,0.3,950,1500,3.45,61.5,1.9016,,,,,
75.8,172,460,0.25,0.7,Square frustum with constant angle,1.5,10,0.3,950,2500,3.65,62.2,1.9016,,,,,
75.8,172,460,0.25,0.7,Square frustum with constant angle,1.5,10,0.9,450,1500,3.27,64.5,1.9016,,,,,
75.8,172,460,0.25,0.7,Square frustum with constant angle,1.5,10,0.9,450,2500,3.49,53.8,2.1765,,,,,
75.8,172,460,0.25,0.7,Square frustum with constant angle,1.5,10,0.9,950,1500,3.19,57.4,2.1765,,,,,
75.8,172,460,0.25,0.7,Square frustum with constant angle,1.5,10,0.9,950,2500,3.34,51.3,1.9016,,,,,
75.8,172,460,0.25,0.7,Square frustum with constant angle,1.5,10,0.6,700,1159.1,4.56,65.5,1.4491,,,,,
75.8,172,460,0.25,0.7,Square frustum with constant angle,1.5,10,0.6,700,2840.8,5.18,54.3,1.4491,,,,,
75.8,172,460,0.25,0.7,Square frustum with constant angle,1.5,10,0.6,279.55,2000,3.54,59.5,1.4491,,,,,
75.8,172,460,0.25,0.7,Square frustum with constant angle,1.5,10,0.6,1120.4,2000,2.32,56.5,1.9016,,,,,
75.8,172,460,0.25,0.7,Square frustum with constant angle,1.5,10,0.1,700,2000,2.41,71.6,1.4491,,,,,
75.8,172,460,0.25,0.7,Square frustum with constant angle,1.5,10,1.1,700,2000,1.92,61.4,1.9016,,,,,
75.8,172,460,0.25,0.7,Square frustum with constant angle,1.5,10,0.6,700,2000,2.41,50.2,1.4491,,,,,
75.8,172,460,0.25,0.7,Square frustum with constant angle,1.5,10,0.6,700,2000,2.75,46.7,1.9016,,,,,
75.8,172,460,0.25,0.7,Square frustum with constant angle,1.5,10,0.6,700,2000,2.7,47.3,1.4491,,,,,
75.8,172,460,0.25,0.7,Square frustum with constant angle,1.5,10,0.6,700,2000,2.75,41.6,2.1765,,,,,
75.8,172,460,0.25,0.7,Square frustum with constant angle,1.5,10,0.6,700,2000,2.71,49.5,2.1765,,,,,
75.8,172,460,0.25,0.7,Square frustum with constant angle,1.5,10,0.6,700,2000,2.73,44.7,1.9016,,,,,
75.8,172,460,0.25,0.7,Square frustum with constant angle,1.5,10,0.3,450,1500,3.74,68.2,2.1765,,,,,
75.8,172,460,0.25,0.7,Square frustum with constant angle,1.5,10,0.3,450,2500,4.01,67,1.9016,,,,,
75.8,172,460,0.25,0.7,Square frustum with constant angle,1.5,10,0.3,950,1500,3.45,61.5,1.9016,,,,,
75.8,172,460,0.25,0.7,Square frustum with constant angle,1.5,10,0.3,950,2500,3.65,62.2,1.9016,,,,,
205,515,1275,0.45,1.6,Hexagon with constant angle,1,10,0.3,1200,200,2.2,45,1.9016,https://pdf.sciencedirectassets.com/305927/1-s2.0-S2214785322X00370/1-s2.0-S221478532200918X/main.pdf?X-Amz-Security-Token=IQoJb3JpZ2luX2VjEHQaCXVzLWVhc3QtMSJGMEQCIHxlqAchOwCir3wAqsUuGAG9zNOIxGiszK66xIFbgVfcAiA8VPgBVAagtOcIzu8%2FEwWB%2FqadVnYn3Xm7Dr2sGOR5WCq8BQjt%2F%2F%2F%2F%2F%2F%2F%2F%2F%2F8BEAUaDDA1OTAwMzU0Njg2NSIMRp48bDX7m%2F2RkBNsKpAF9zkb8njMLBRUvFcXQuN%2F0oIpLQODQMAZfzkQxXjc%2B7ypBAFCrUNl9kvJu1qIpUoKfhwjnLfIRo7L5GyLp7NdUnbf4OobLMFBYQXOeEq6Fc7nwoJnKi4DZ%2FcGdpjy%2BE80pCQY0qq8wivG%2FKcPjr4SmeFTpmzbec5Ylkr1jLbLkLS3At%2BOEVesqPBrtTVlrTVshQL7jwrQjLf7diEBZfzeCexFym6TPT2hi6cPkhQHeexohqowH9xeCDkt8hyUkQhp2t3plP89S3hgw1m%2BdHcrfYSZQGxOYzdYsUuKmHNdCvOpX2kRyx90VxGzMAme69uOtn8XOfDVf1dtAWOhvz70rnKQnOz8WGJhAEB6EqW1MXGF%2Fserfjebe9znswmNIvY%2FRkia%2F94gvopNbJh1cuqxlgydQXyXcul1f1sWbdjJhZAQyiNfMNsodzF4zFKmOu%2F9TqfM0LUgh2P0CNvngr9aBrJEhSnpalHpsVElrvEPBKNzxji99k4rTcUeLCb175dyESz31B5WXcZqr%2BHiB%2Bn1OtgaO%2FVNivN1E42W0bzXttHZBDoijg7s85et0uJZD7z9v43vQdNcLGyJUoIYgIs7HBf6TzoMYeVFqUZTyUOCVYi988J0pxgu6zzO%2BG6av60a8H6IcZGLxgy9vHz4kMfTlx73uo6RSGhgYj6zi8Ss84KHEGG24xnICgQg1ejM5mG5AK9BT9F45clMQh1VYF0%2B0SwNe2KBcWGcp82995aD5Z91f0gFt1tZXcUAxM3q0UGTP5wlAS5JIEjqS8j4KvGgoafkeCRtSvM3za%2Fp5KnLhEvf1Pw1NAof%2BAzOVc4gjM0%2FVrXpiOsvALRyn5qHQd8O7zNQnLr0a6DY%2BX%2FRGVV0m2swvv%2FWsgY6sgGMqvjAufJ0HvNK9TsGhlTl%2FfuMlp97lm9LU9L32k3fGH2yD2FB8x16tg8rh7YnyX%2B1uDz27PvVRBbRwKRLa%2FVXGRFPi52CoavgTwMgoVnoQPgzZNyg7GYGSy5AvCTFgf9eSINw6WqVQufk7aaOFTq4MGvL0nfwRz%2FXTrYtcB5jQktvWXuTovr3fHb2O7MKPpG5uYOQP7ohlRQbOQw0T6kHxH49ckvsKnAxu91GZgaG7edD&X-Amz-Algorithm=AWS4-HMAC-SHA256&X-Amz-Date=20240528T130044Z&X-Amz-SignedHeaders=host&X-Amz-Expires=300&X-Amz-Credential=ASIAQ3PHCVTYYRM6O6TG%2F20240528%2Fus-east-1%2Fs3%2Faws4_request&X-Amz-Signature=af2a5b77142a420e8db1d806ada179de07a92f72cadb9e9797f3e42ce700d472&hash=46d1b0d002517f81c7ec9b394374b0da0b0624127e3e93b519c5998bb083f531&host=68042c943591013ac2b2430a89b270f6af2c76d8dfd086a07176afe7c76c2c61&pii=S221478532200918X&tid=spdf-bb101288-cf68-42e0-bd98-dd04884cb9ec&sid=ed5991f26d2aa342ba-ba84-d4c38695a840gxrqb&type=client&tsoh=d3d3LnNjaWVuY2VkaXJlY3QuY29t&ua=0d095e590302590b0b&rr=88ae6de6bf4d33a8&cc=in,,,,
205,515,1275,0.45,1.6,Hexagon with constant angle,1,10,0.3,1350,300,3.3,45,3.08,,,,,
205,515,1275,0.45,1.6,Hexagon with constant angle,1,10,0.3,1500,400,1.8,45,3.08,,,,,
205,515,1275,0.45,1.6,Hexagon with constant angle,1,10,0.4,1350,200,2.9,45,3.08,,,,,
205,515,1275,0.45,1.6,Hexagon with constant angle,1,10,0.4,1500,300,3.05,45,3.08,,,,,
205,515,1275,0.45,1.6,Hexagon with constant angle,1,10,0.4,1200,400,2.5,45,3.08,,,,,
205,515,1275,0.45,1.6,Hexagon with constant angle,1,10,0.5,1500,200,2.8,45,3.08,,,,,
205,515,1275,0.45,1.6,Hexagon with constant angle,1,10,0.5,1200,300,3,45,3.08,,,,,
205,515,1275,0.45,1.6,Hexagon with constant angle,1,10,0.5,1350,400,3.1,45,3.08,,,,,
167.47,208.85,235,0.11,0.81,truncated cone with constant angle,0.5,4,0.2,500,1000,0.755,28.8,2,https://www.ncbi.nlm.nih.gov/pmc/articles/PMC7914686/,,,,
167.47,208.85,235,0.11,0.81,truncated cone with constant angle,0.5,6,0.2,500,1000,1.69,29,2,,,,,
167.47,208.85,235,0.11,0.81,truncated cone with constant angle,0.5,4,0.8,500,1000,2.08,31.1,2,,,,,
167.47,208.85,235,0.11,0.81,truncated cone with constant angle,0.5,6,0.8,500,1000,1.07,30,2,,,,,
167.47,208.85,235,0.11,0.81,truncated cone with constant angle,0.5,4,0.2,500,3000,0.82,29.8,2,,,,,
167.47,208.85,235,0.11,0.81,truncated cone with constant angle,0.5,6,0.2,500,3000,1.29,29.2,2,,,,,
167.47,208.85,235,0.11,0.81,truncated cone with constant angle,0.5,4,0.8,500,3000,1.395,28.9,2,,,,,
167.47,208.85,235,0.11,0.81,truncated cone with constant angle,0.5,6,0.8,500,3000,0.88,29,2,,,,,
167.47,208.85,235,0.11,0.81,truncated cone with constant angle,0.5,4,0.5,500,2000,0.788,29.7,2,,,,,
167.47,208.85,235,0.11,0.81,truncated cone with constant angle,0.5,6,0.5,500,2000,1.19,29.8,2,,,,,
167.47,208.85,235,0.11,0.81,truncated cone with constant angle,0.5,5,0.2,500,2000,0.88,29.8,2,,,,,
167.47,208.85,235,0.11,0.81,truncated cone with constant angle,0.5,5,0.8,500,2000,1.5,29.8,2,,,,,
167.47,208.85,235,0.11,0.81,truncated cone with constant angle,0.5,5,0.5,500,1000,0.93,31,2,,,,,
167.47,208.85,235,0.11,0.81,truncated cone with constant angle,0.5,5,0.5,500,3000,1.14,30,2,,,,,
167.47,208.85,235,0.11,0.81,truncated cone with constant angle,0.5,5,0.5,500,2000,0.99,31.5,2,,,,,
167.47,208.85,235,0.11,0.81,truncated cone with constant angle,0.5,4,0.2,500,1000,0.516,59,2,,,,,
167.47,208.85,235,0.11,0.81,truncated cone with constant angle,0.5,6,0.2,500,1000,1.09,57.7,2,,,,,
167.47,208.85,235,0.11,0.81,truncated cone with constant angle,0.5,4,0.8,500,1000,1.61,61.8,2,,,,,
167.47,208.85,235,0.11,0.81,truncated cone with constant angle,0.5,6,0.8,500,1000,1.31,58.2,2,,,,,
167.47,208.85,235,0.11,0.81,truncated cone with constant angle,0.5,4,0.2,500,3000,0.498,58.7,2,,,,,
167.47,208.85,235,0.11,0.81,truncated cone with constant angle,0.5,6,0.2,500,3000,1.463,60,2,,,,,
167.47,208.85,235,0.11,0.81,truncated cone with constant angle,0.5,4,0.8,500,3000,1.86,59.5,2,,,,,
167.47,208.85,235,0.11,0.81,truncated cone with constant angle,0.5,6,0.8,500,3000,1.06,61.5,2,,,,,
167.47,208.85,235,0.11,0.81,truncated cone with constant angle,0.5,4,0.5,500,2000,0.507,59.5,2,,,,,
167.47,208.85,235,0.11,0.81,truncated cone with constant angle,0.5,6,0.5,500,2000,1.01,57.2,2,,,,,
167.47,208.85,235,0.11,0.81,truncated cone with constant angle,0.5,5,0.2,500,2000,0.488,59.6,2,,,,,
167.47,208.85,235,0.11,0.81,truncated cone with constant angle,0.5,5,0.8,500,2000,1.41,59.2,2,,,,,
167.47,208.85,235,0.11,0.81,truncated cone with constant angle,0.5,5,0.5,500,1000,1.647,59,2,,,,,
167.47,208.85,235,0.11,0.81,truncated cone with constant angle,0.5,5,0.5,500,3000,1.23,62,2,,,,,
167.47,208.85,235,0.11,0.81,truncated cone with constant angle,0.5,5,0.5,500,2000,1.32,58.7,2,,,,,
108,117.5,146.9,0.3,0.7,truncated cone with constant angle,1,20,0.5,2000,1000,0.55,60,1,,,,,
108,117.5,146.9,0.3,0.7,truncated cone with constant angle,1,10,1,2000,500,1.75,60,1,,,,,
108,117.5,146.9,0.3,0.7,truncated cone with constant angle,1,20,1,2000,500,0.68,60,1,,,,,
108,117.5,146.9,0.3,0.7,truncated cone with constant angle,1,10,1,2000,500,2.1,60,1,,,,,
108,117.5,146.9,0.3,0.7,truncated cone with constant angle,1,20,0.5,2000,500,0.55,60,1,,,,,
108,117.5,146.9,0.3,0.7,truncated cone with constant angle,1,10,1,2000,500,2.08,60,1,,,,,
108,117.5,146.9,0.3,0.7,truncated cone with constant angle,1,20,0.5,2000,500,0.4,60,1,,,,,
108,117.5,146.9,0.3,0.7,truncated cone with constant angle,1,10,0.5,2000,1000,1.98,60,1,,,,,
108,117.5,146.9,0.3,0.7,truncated cone with constant angle,1,20,0.5,2000,1000,0.43,60,1,,,,,
108,117.5,146.9,0.3,0.7,truncated cone with constant angle,1,10,1,2000,1000,2.3,60,1,,,,,
108,117.5,146.9,0.3,0.7,truncated cone with constant angle,1,10,0.5,2000,500,1.4,60,1,,,,,
108,117.5,146.9,0.3,0.7,truncated cone with constant angle,1,10,0.5,2000,1000,2.1,60,1,,,,,
108,117.5,146.9,0.3,0.7,truncated cone with constant angle,1,10,0.5,2000,500,1.45,60,1,,,,,
108,117.5,146.9,0.3,0.7,truncated cone with constant angle,1,20,1,2000,1000,0.65,60,1,,,,,
108,117.5,146.9,0.3,0.7,truncated cone with constant angle,1,20,0.5,2000,500,0.6,60,1,,,,,
108,117.5,146.9,0.3,0.7,truncated cone with constant angle,1,20,0.5,2000,1000,0.53,60,1,,,,,
108,117.5,146.9,0.3,0.7,truncated cone with constant angle,1,10,0.5,2000,1000,2.3,60,1,,,,,
108,117.5,146.9,0.3,0.7,truncated cone with constant angle,1,20,0.5,2000,500,0.58,60,1,,,,,
108,117.5,146.9,0.3,0.7,truncated cone with constant angle,1,10,1,2000,500,1.98,60,1,,,,,
108,117.5,146.9,0.3,0.7,truncated cone with constant angle,1,20,1,2000,1000,0.4,60,1,,,,,
108,117.5,146.9,0.3,0.7,truncated cone with constant angle,1,10,0.5,2000,500,2.35,60,1,,,,,
108,117.5,146.9,0.3,0.7,truncated cone with constant angle,1,10,0.5,2000,1000,2.5,60,1,,,,,
108,117.5,146.9,0.3,0.7,truncated cone with constant angle,1,10,1,2000,1000,1.88,60,1,,,,,
108,117.5,146.9,0.3,0.7,truncated cone with constant angle,1,20,1,2000,1000,0.7,60,1,,,,,
108,117.5,146.9,0.3,0.7,truncated cone with constant angle,1,20,1,2000,500,0.4,60,1,,,,,
108,117.5,146.9,0.3,0.7,truncated cone with constant angle,1,20,0.5,2000,1000,0.43,60,1,,,,,
108,117.5,146.9,0.3,0.7,truncated cone with constant angle,1,20,1,2000,500,0.4,60,1,,,,,
108,117.5,146.9,0.3,0.7,truncated cone with constant angle,1,20,1,2000,1000,0.43,60,1,,,,,
108,117.5,146.9,0.3,0.7,truncated cone with constant angle,1,20,1,2000,500,0.9,60,1,,,,,
108,117.5,146.9,0.3,0.7,truncated cone with constant angle,1,10,1,2000,1000,2.03,60,1,,,,,
108,117.5,146.9,0.3,0.7,truncated cone with constant angle,1,10,1,2000,1000,1.88,60,1,,,,,
108,117.5,146.9,0.3,0.7,truncated cone with constant angle,1,10,0.5,2000,500,2.25,60,1,,,,,
173,311,619,0.24,1.8,truncated cone with constant angle,0.5,8,0.2,1000,700,0.6533,45,2.5,https://www.researchgate.net/profile/Rahul-Jagtap/publication/324233365_An_Experimental_Study_on_the_Effect_of_Process_Parameters_on_Surface_Roughness_in_Single_Point_Incremental_Forming/links/5b680f12299bf1b9303cac6a/An-Experimental-Study-on-the-Effect-of-Process-Parameters-on-Surface-Roughness-in-Single-Point-Incremental-Forming.pdf,,,,
173,311,619,0.24,1.8,truncated cone with constant angle,0.5,12,0.2,1000,700,0.3193,45,2.5,,,,,
173,311,619,0.24,1.8,truncated cone with constant angle,0.5,8,0.5,1000,700,1.1546,45,2.5,,,,,
173,311,619,0.24,1.8,truncated cone with constant angle,0.5,12,0.5,1000,700,0.6866,45,2.5,,,,,
173,311,619,0.24,1.8,truncated cone with constant angle,0.5,8,0.2,1000,1300,0.7523,45,2.5,,,,,
173,311,619,0.24,1.8,truncated cone with constant angle,0.5,12,0.2,1000,1300,0.3856,45,2.5,,,,,
173,311,619,0.24,1.8,truncated cone with constant angle,0.5,8,0.5,1000,1300,1.111,45,2.5,,,,,
173,311,619,0.24,1.8,truncated cone with constant angle,0.5,12,0.5,1000,1300,0.6523,45,2.5,,,,,
173,311,619,0.24,1.8,truncated cone with constant angle,0.5,8,0.2,2000,700,0.9026,45,2.5,,,,,
173,311,619,0.24,1.8,truncated cone with constant angle,0.5,12,0.2,2000,700,0.324,45,2.5,,,,,
173,311,619,0.24,1.8,truncated cone with constant angle,0.5,8,0.5,2000,700,1.1643,45,2.5,,,,,
173,311,619,0.24,1.8,truncated cone with constant angle,0.5,12,0.5,2000,700,0.697,45,2.5,,,,,
173,311,619,0.24,1.8,truncated cone with constant angle,0.5,8,0.2,2000,1300,0.6723,45,2.5,,,,,
173,311,619,0.24,1.8,truncated cone with constant angle,0.5,12,0.2,2000,1300,0.292,45,2.5,,,,,
173,311,619,0.24,1.8,truncated cone with constant angle,0.5,8,0.5,2000,1300,1.255,45,2.5,,,,,
173,311,619,0.24,1.8,truncated cone with constant angle,0.5,12,0.5,2000,1300,0.661,45,2.5,,,,,
41,110,180,0.2,0.58,truncated cone with constant angle,0.489,5,0.5,3500,1500,5.22,72.4,1,https://pdf.sciencedirectassets.com/278653/1-s2.0-S1877705814X00354/1-s2.0-S1877705814033244/main.pdf?X-Amz-Security-Token=IQoJb3JpZ2luX2VjEDcaCXVzLWVhc3QtMSJGMEQCIDyOadJq8cXe0HsP74Ear2S0Erm4I6XSpVaARHrrAm27AiB2999wCO1FGEVWnO%2Bl%2BoMQywfrjN5Z68ewGgOwVq2x9iq8BQjQ%2F%2F%2F%2F%2F%2F%2F%2F%2F%2F8BEAUaDDA1OTAwMzU0Njg2NSIMWPp4GGJTWTzJKx2zKpAFtHwDZD9ZPUj9qc%2FK9U8fbO6M53wfeK4vliEapzxQ2hmIlUPgVHpDC1hdGflUzz2vvA7h05UF%2FStr3n2%2BD1VfftiZFV3pW%2FcwiEOv1uNlKi3oBj83xmA%2Bcx06BnhefCfXn5G3cjONMBFOAyRtVNsEW8aATFtotQ3jxEsCnRQluVmfY0eMpC1SUne6Y%2FL08ZL6P%2FuVhbGT0ZF2Uan74C3Cm6goNq%2BZoN7qet5OVAezcdTKPBKUOLkJnSQP3jMhTC68GI5RlBB%2FaWE8uC3nvF7XxmmNXrSUqiJabM%2FuHWdjsqizASD%2FfaSXIF8usWvYygTUJyHjhefsIWzDxB%2BHtoo9de1PRTrY%2BnVuXBf6EQws0oK4nAEcO1uINUOO8E%2BQ4ilNkaHQRff8XNRhaDPm%2BUFQnUlSLhRGYd3GzGhmFBXAIKKuZSYSGQqoiXwvzFwmcCygsjGs11Hj%2BPJzoN5OOgThTNJW5%2FzelQeCv1fvg3oAPFCn91U%2FhLSHGUc%2BAfHmyxiGEiAtEZqi5C37eCShtDj%2B9CTFw3woIRpZ7c9HRXlPf0FUFveorYlBMOMie9CPtbmznmPIXqW4utiv6IMdWiUMTBNrs30yxfLufof%2BFUOYiOHTQYYsjeSsg8OVd7rZzQtEmf3zGnasCjE2zXFoJ5es5olVOrf5kPDur%2FSvaapw6woohSDznj72W%2FlhuUmWaF4%2FKelpZGcCllgI4MWiQgx%2FiOhA6CA%2FTB7Y3PGiiLlYs%2FpYIqzs4Dv1u75BJZGsc%2FwY%2BuPb%2Bb6L8V8Op43t3hAy%2FwMDicHR0x1LdVvGTCP8585RM9s%2BjKDVnZdrvqnnhyDysNo5PYkhlSOMQa%2BTBvlvB3%2Fn7cxrn6rcWCfz9RUSEIwwzZe6swY6sgGTlP%2BDWOpMHtusxRT%2FCJMoUX0fZsCRxVCc9At5ZxePytWCeCv48oznToN5mjiIppbwT9JYUCl5keRCAO%2BhqA43pa%2BjhYqdyhn8qWcvuLcS4xh3P8Bxityj%2BtEtoKqERzfhneCe87d98gRvMMOyEGyzNTFJtf6RruS2aJ1Iytnt24baQn7su%2Bsoy3IHtj24tXXV34%2BLOXeDxa%2FcaTmh4Dl6toVtHNNsFl2%2BWXJWaRRi%2FACV&X-Amz-Algorithm=AWS4-HMAC-SHA256&X-Amz-Date=20240616T073715Z&X-Amz-SignedHeaders=host&X-Amz-Expires=300&X-Amz-Credential=ASIAQ3PHCVTY4XWF67OM%2F20240616%2Fus-east-1%2Fs3%2Faws4_request&X-Amz-Signature=03101562c7aecb5c52b50f916b4a4c2760c34434975374340eef17416c65067d&hash=596da508b08ebb289ba66da535a9953789d70c4220ab055088fa7d98fed37b6c&host=68042c943591013ac2b2430a89b270f6af2c76d8dfd086a07176afe7c76c2c61&pii=S1877705814033244&tid=spdf-d97df31f-2804-4d2a-b949-4bf9dd9a4275&sid=54a75233525a0241c1786f85707de48f4d8cgxrqb&type=client&tsoh=d3d3LnNjaWVuY2VkaXJlY3QuY29t&ua=0b085c5e535f5d5557&rr=8949222c980833ba&cc=in,,,,
41,110,180,0.2,0.58,truncated cone with constant angle,0.639,15,0.8,2000,1000,4.71,68.4,1,,,,,
41,110,180,0.2,0.58,truncated cone with constant angle,0.571,10,0.5,2000,1500,3.76,73.1,1,,,,,
41,110,180,0.2,0.58,truncated cone with constant angle,0.498,15,0.5,3500,1500,3.85,71.3,1,,,,,
41,110,180,0.2,0.58,truncated cone with constant angle,0.532,10,0.5,5000,1500,3.6,73,1,,,,,
41,110,180,0.2,0.58,truncated cone with constant angle,0.573,10,0.8,3500,1500,4.8,69.9,1,,,,,
41,110,180,0.2,0.58,truncated cone with constant angle,0.456,15,0.8,5000,1000,4.55,68.3,1,,,,,
41,110,180,0.2,0.58,truncated cone with constant angle,0.569,15,0.2,5000,2000,2.3,75.4,1,,,,,
41,110,180,0.2,0.58,truncated cone with constant angle,0.502,10,0.5,3500,1500,3.55,72.9,1,,,,,
41,110,180,0.2,0.58,truncated cone with constant angle,0.489,15,0.2,2000,1000,2.23,73.8,1,,,,,
41,110,180,0.2,0.58,truncated cone with constant angle,0.527,10,0.5,3500,1500,3.62,72.4,1,,,,,
41,110,180,0.2,0.58,truncated cone with constant angle,0.483,10,0.5,3500,1000,3.58,73.2,1,,,,,
41,110,180,0.2,0.58,truncated cone with constant angle,0.435,5,0.8,5000,1000,5.35,70.2,1,,,,,
41,110,180,0.2,0.58,truncated cone with constant angle,0.479,10,0.5,3500,1500,4.1,71.5,1,,,,,
41,110,180,0.2,0.58,truncated cone with constant angle,0.629,15,0.8,2000,2000,4.5,69.2,1,,,,,
41,110,180,0.2,0.58,truncated cone with constant angle,0.486,10,0.5,3500,1500,3.56,72.2,1,,,,,
41,110,180,0.2,0.58,truncated cone with constant angle,0.516,10,0.5,3500,1500,3.55,72.1,1,,,,,
41,110,180,0.2,0.58,truncated cone with constant angle,0.516,10,0.5,3500,1500,3.51,71.9,1,,,,,
41,110,180,0.2,0.58,truncated cone with constant angle,0.512,15,0.2,2000,2000,2.23,76.4,1,,,,,
41,110,180,0.2,0.58,truncated cone with constant angle,0.509,5,0.2,2000,2000,5.6,76.8,1,,,,,
41,110,180,0.2,0.58,truncated cone with constant angle,0.572,5,0.2,5000,2000,5.58,76.6,1,,,,,
41,110,180,0.2,0.58,truncated cone with constant angle,0.493,10,0.2,3500,1500,4.72,77.2,1,,,,,
41,110,180,0.2,0.58,truncated cone with constant angle,0.578,5,0.8,2000,1000,5.88,70.7,1,,,,,
41,110,180,0.2,0.58,truncated cone with constant angle,0.494,10,0.5,3500,1500,3.56,71.6,1,,,,,
41,110,180,0.2,0.58,truncated cone with constant angle,0.595,5,0.8,2000,2000,5.77,69.1,1,,,,,
41,110,180,0.2,0.58,truncated cone with constant angle,0.497,15,0.2,5000,1000,2.3,75.4,1,,,,,
41,110,180,0.2,0.58,truncated cone with constant angle,0.567,5,0.8,5000,2000,5.53,69.4,1,,,,,
41,110,180,0.2,0.58,truncated cone with constant angle,0.509,10,0.5,3500,2000,3.22,72.2,1,,,,,
41,110,180,0.2,0.58,truncated cone with constant angle,0.481,5,0.2,2000,1000,5.62,77.5,1,,,,,
41,110,180,0.2,0.58,truncated cone with constant angle,0.478,5,0.2,5000,1000,5.71,76.9,1,,,,,
41,110,180,0.2,0.58,truncated cone with constant angle,0.537,15,0.8,5000,2000,4.15,70.3,1,,,,,
145,228,600,0.2,0.8,truncated cone with constant angle,1,10,0.5,0,500,1.4,60,1,https://onlinelibrary.wiley.com/doi/epdf/10.1155/2020/7265941,,,,
145,228,600,0.2,0.8,truncated cone with constant angle,1,10,0.5,0,500,1.45,60,1,,,,,
145,228,600,0.2,0.8,truncated cone with constant angle,1,10,0.5,0,500,1.4,60,1,,,,,
145,228,600,0.2,0.8,truncated cone with constant angle,1,10,1,0,500,1.75,60,1,,,,,
145,228,600,0.2,0.8,truncated cone with constant angle,1,10,1,0,500,2.1,60,1,,,,,
145,228,600,0.2,0.8,truncated cone with constant angle,1,10,1,0,500,2.2,60,1,,,,,
145,228,600,0.2,0.8,truncated cone with constant angle,1,10,0.5,0,1000,2.3,60,1,,,,,
145,228,600,0.2,0.8,truncated cone with constant angle,1,10,"0,5",0,1000,1.975,60,1,,,,,
145,228,600,0.2,0.8,truncated cone with constant angle,1,10,0.5,0,1000,1.475,60,1,,,,,
145,228,600,0.2,0.8,truncated cone with constant angle,1,10,1,0,1000,1.875,60,1,,,,,
145,228,600,0.2,0.8,truncated cone with constant angle,1,10,1,0,1000,2.025,60,1,,,,,
145,228,600,0.2,0.8,truncated cone with constant angle,1,10,1,0,1000,2.075,60,1,,,,,
145,228,600,0.2,0.8,truncated cone with constant angle,1,20,0.5,0,500,0.4,60,1,,,,,
145,228,600,0.2,0.8,truncated cone with constant angle,1,20,0.5,0,500,0.575,60,1,,,,,
145,228,600,0.2,0.8,truncated cone with constant angle,1,20,0.5,0,500,0.475,60,1,,,,,
145,228,600,0.2,0.8,truncated cone with constant angle,1,20,1,0,500,0.4,60,1,,,,,
145,228,600,0.2,0.8,truncated cone with constant angle,1,20,1,0,500,0.4,60,1,,,,,
145,228,600,0.2,0.8,truncated cone with constant angle,1,20,1,0,500,0.425,60,1,,,,,
145,228,600,0.2,0.8,truncated cone with constant angle,1,20,0.5,0,1000,0.425,60,1,,,,,
145,228,600,0.2,0.8,truncated cone with constant angle,1,20,0.5,0,1000,0.425,60,1,,,,,
145,228,600,0.2,0.8,truncated cone with constant angle,1,20,0.5,0,1000,0.425,60,1,,,,,
145,228,600,0.2,0.8,truncated cone with constant angle,1,20,1,0,1000,0.425,60,1,,,,,
145,228,600,0.2,0.8,truncated cone with constant angle,1,20,1,0,1000,0.4,60,1,,,,,
145,228,600,0.2,0.8,truncated cone with constant angle,1,20,1,0,1000,0.45,60,1,,,,,
145,228,600,0.2,0.8,truncated cone with constant angle,2,10,0.5,0,500,2.35,60,1,,,,,
145,228,600,0.2,0.8,truncated cone with constant angle,2,10,0.5,0,500,2.25,60,1,,,,,
145,228,600,0.2,0.8,truncated cone with constant angle,2,10,0.5,0,500,1.85,60,1,,,,,
145,228,600,0.2,0.8,truncated cone with constant angle,2,10,1,0,500,1.975,60,1,,,,,
145,228,600,0.2,0.8,truncated cone with constant angle,2,10,1,0,500,2.075,60,1,,,,,
145,228,600,0.2,0.8,truncated cone with constant angle,2,10,1,0,500,2.125,60,1,,,,,
145,228,600,0.2,0.8,truncated cone with constant angle,2,10,0.5,0,1000,2.5,60,1,,,,,
145,228,600,0.2,0.8,truncated cone with constant angle,2,10,0.5,0,1000,2.1,60,1,,,,,
145,228,600,0.2,0.8,truncated cone with constant angle,2,10,0.5,0,1000,1.825,60,1,,,,,
145,228,600,0.2,0.8,truncated cone with constant angle,2,10,1,0,1000,1.875,60,1,,,,,
145,228,600,0.2,0.8,truncated cone with constant angle,2,10,1,0,1000,2.3,60,1,,,,,
145,228,600,0.2,0.8,truncated cone with constant angle,2,10,1,0,1000,1.675,60,1,,,,,
145,228,600,0.2,0.8,truncated cone with constant angle,2,20,0.5,0,500,0.55,60,1,,,,,
145,228,600,0.2,0.8,truncated cone with constant angle,2,20,0.5,0,500,0.6,60,1,,,,,
145,228,600,0.2,0.8,truncated cone with constant angle,2,20,0.5,0,500,0.775,60,1,,,,,
145,228,600,0.2,0.8,truncated cone with constant angle,2,20,1,0,500,0.9,60,1,,,,,
145,228,600,0.2,0.8,truncated cone with constant angle,2,20,1,0,500,0.675,60,1,,,,,
145,228,600,0.2,0.8,truncated cone with constant angle,2,20,1,0,500,0.7,60,1,,,,,
145,228,600,0.2,0.8,truncated cone with constant angle,2,20,0.5,0,1000,0.525,60,1,,,,,
145,228,600,0.2,0.8,truncated cone with constant angle,2,20,0.5,0,1000,0.55,60,1,,,,,
145,228,600,0.2,0.8,truncated cone with constant angle,2,20,0.5,0,1000,0.475,60,1,,,,,
145,228,600,0.2,0.8,truncated cone with constant angle,2,20,1,0,1000,0.7,60,1,,,,,
145,228,600,0.2,0.8,truncated cone with constant angle,2,20,1,0,1000,0.65,60,1,,,,,
145,228,600,0.2,0.8,truncated cone with constant angle,2,20,1,0,1000,0.525,60,1,,,,,
145,228,600,0.2,0.8,truncated cone with constant angle,0.8,8,0.2,,600,3.22,,1.6,https://pdf.sciencedirectassets.com/305927/1-s2.0-S2214785321X00776/1-s2.0-S2214785321027565/main.pdf?X-Amz-Security-Token=IQoJb3JpZ2luX2VjEIH%2F%2F%2F%2F%2F%2F%2F%2F%2F%2FwEaCXVzLWVhc3QtMSJIMEYCIQCUK49YvTbcxoz93Zi7Hl%2BxCgF5QeXPocixsg9HhoYBhwIhAJFqvXGnJRsQZNxb0L4YRFN7LuSv%2FB9JQi3FujT0XzIrKrIFCCkQBRoMMDU5MDAzNTQ2ODY1IgzSMnt5uKyNOBwn8r4qjwWh1Dlu9wmP60Mhb0c1kYdpU5NJrr4Ui4lofR1l7aOoTnX1Yb%2FrYXIz95gub9rLEd9ri2hG60L%2B%2FQcRiwVbjg7cKgrK5A73DUin2QnSW5Peo9VzXSAV2WTMAVeNh%2BuKFdX%2FbHfVgEtRUprlnjSnVH4tU2y13Js%2FjbdbogdSU8eVUnoCd29f3LaL72rj613iovOnc5Wuae12xhRagpPWu7%2BVqLY5%2BPPEmvMO93yIMDVjy0x5kJLIB1bR4pNZlRle%2BWtA45qzRxjzSfeTYCVI5aC4oZgBtFafyJ1RA%2F8KG7r9lowmBLu2ejLdu%2FcCczXDiTKH1CMOKrwKnl7FPinj6cNa9F3eef2L4hn7wb9DZ5K3nac4RDDFMvuxGq%2BUB2gc2b6%2FkoZEmgYVjm51i3ad1ou7KnONt9EDxIPvE%2FjHEQU55bnNjWaPbjHoXS5HyWsfuwpW6BkcU2iXybCttE%2Bhek6nqqUlKu5KBRLr2%2FYvQ8McOkjgQ5aFxcIztVzuidOsdfm5Y%2BN%2Bp41rPV3wmjFLDROPgba%2FJ9h5mTHEtX3W6q7CIoMc0thxZI97s%2BKW8rc5lo8IpoKlSF7BDyxU1d%2FwkvQk56CWwF9VCrcXwK641XNHPvzkzid3QCYhU8RdWqe81K0rK3IhWRHfA3oKw%2B1tar5tVeYk36gdkADUZJxzYKm%2B5jnTrvAcyMHVnchZZvzIeZxY99B1VwW4kuWC%2BG6Efhd9GX94aQSwAO4uFM%2FYCDElqelR3Ss%2BQwdpQzZu%2BOPAn1737c0ec%2B9QXm1VBMJFsu4jhS9VATq81nNIxYJR5eQCaMH%2BuchNZ0I2yUJch%2FPzIMuP4bt%2B9sEa35HpGb2rMj33FyOCwMnou3GFB0MjzQS%2FMLunyrMGOrABlQDNLN7NY5owtP60X82xp0hqP2zzXKEmCnm0Ta0Ldn9gYM%2BwZCqIyPtx7YKZTpMal1%2ByLUAW9LKxxgh0Zlsso%2Bo%2FWa9APtfsCQGGdx51RliYIN15MaB7JZOHlCRObKh2VXTpOKzAtWN%2FaGARE2K%2FKlqRWxSAXVN0usjAV5danx82xw6x9PWXh2kOX8229VVNwpZx7PvSzocqHJ%2BHAuz8trE9UWOpTfpJtPL58cBGST4%3D&X-Amz-Algorithm=AWS4-HMAC-SHA256&X-Amz-Date=20240619T090811Z&X-Amz-SignedHeaders=host&X-Amz-Expires=300&X-Amz-Credential=ASIAQ3PHCVTYSXBIKEUL%2F20240619%2Fus-east-1%2Fs3%2Faws4_request&X-Amz-Signature=c5513547c2cd42bdb34e185e1675fcc1e43a2f4cd8396a39a157b73e323b12a0&hash=eced79368706e9b6d3a08412c3cf50fca3f0ee505e2eb01b6b7676086f7a1b42&host=68042c943591013ac2b2430a89b270f6af2c76d8dfd086a07176afe7c76c2c61&pii=S2214785321027565&tid=spdf-2db33e70-bb32-4c5b-b402-f5d146e5d738&sid=9313ff2832801949cc694c524616a9f552d4gxrqb&type=client&tsoh=d3d3LnNjaWVuY2VkaXJlY3QuY29t&ua=0b085c5e51545a015d&rr=89625f844cbf33d2&cc=in,,,,
145,228,600,0.2,0.8,truncated cone with constant angle,0.8,8,0.2,,600,3.02,,1.6,,,,,
145,228,600,0.2,0.8,truncated cone with constant angle,0.8,8,0.2,,2200,4.1,,1.6,,,,,
145,228,600,0.2,0.8,truncated cone with constant angle,0.8,8,0.2,,2200,4.18,,1.6,,,,,
145,228,600,0.2,0.8,truncated cone with constant angle,0.8,8,0.6,,600,3.8,,1.6,,,,,
145,228,600,0.2,0.8,truncated cone with constant angle,0.8,8,0.6,,600,3.78,,1.6,,,,,
145,228,600,0.2,0.8,truncated cone with constant angle,0.8,8,0.6,,2200,4,,1.6,,,,,
145,228,600,0.2,0.8,truncated cone with constant angle,0.8,8,0.6,,2200,4,,1.6,,,,,
145,228,600,0.2,0.8,truncated cone with constant angle,0.8,12,0.2,,600,3.1,,1.6,,,,,
145,228,600,0.2,0.8,truncated cone with constant angle,0.8,12,0.2,,600,3.1,,1.6,,,,,
145,228,600,0.2,0.8,truncated cone with constant angle,0.8,12,0.2,,2200,3.35,,1.6,,,,,
145,228,600,0.2,0.8,truncated cone with constant angle,0.8,12,0.2,,2200,3.35,,1.6,,,,,
145,228,600,0.2,0.8,truncated cone with constant angle,0.8,12,0.6,,600,3.46,,1.6,,,,,
145,228,600,0.2,0.8,truncated cone with constant angle,0.8,12,0.6,,600,3.45,,1.6,,,,,
145,228,600,0.2,0.8,truncated cone with constant angle,0.8,12,0.6,,2200,3.73,,1.6,,,,,
145,228,600,0.2,0.8,truncated cone with constant angle,0.8,12,0.6,,2200,3.73,,1.6,,,,,
145,228,600,0.2,0.8,truncated cone with constant angle,1.2,8,0.2,,600,3.56,,1.6,,,,,
145,228,600,0.2,0.8,truncated cone with constant angle,1.2,8,0.2,,600,3.56,,1.6,,,,,
145,228,600,0.2,0.8,truncated cone with constant angle,1.2,8,0.2,,2200,3.83,,1.6,,,,,
145,228,600,0.2,0.8,truncated cone with constant angle,1.2,8,0.2,,2200,3.83,,1.6,,,,,
145,228,600,0.2,0.8,truncated cone with constant angle,1.2,8,0.6,,600,4.26,,1.6,,,,,
145,228,600,0.2,0.8,truncated cone with constant angle,1.2,8,0.6,,600,4.26,,1.6,,,,,
145,228,600,0.2,0.8,truncated cone with constant angle,1.2,8,0.6,,2200,4.56,,1.6,,,,,
145,228,600,0.2,0.8,truncated cone with constant angle,1.2,8,0.6,,2200,4.56,,1.6,,,,,
145,228,600,0.2,0.8,truncated cone with constant angle,1.2,12,0.2,,600,2.73,,1.6,,,,,
145,228,600,0.2,0.8,truncated cone with constant angle,1.2,12,0.2,,600,2.73,,1.6,,,,,
145,228,600,0.2,0.8,truncated cone with constant angle,1.2,12,0.2,,2200,2.73,,1.6,,,,,
145,228,600,0.2,0.8,truncated cone with constant angle,1.2,12,0.2,,2200,2.73,,1.6,,,,,
145,228,600,0.2,0.8,truncated cone with constant angle,1.2,12,0.6,,600,3.43,,1.6,,,,,
145,228,600,0.2,0.8,truncated cone with constant angle,1.2,12,0.6,,600,3.43,,1.6,,,,,
145,228,600,0.2,0.8,truncated cone with constant angle,1.2,12,0.6,,2200,3.43,,1.6,,,,,
145,228,600,0.2,0.8,truncated cone with constant angle,1.2,12,0.6,,2200,3.43,,1.6,,,,,
145,228,600,0.2,0.8,truncated cone with constant angle,1,10,0.4,,1400,3.2,,1.6,,,,,
145,228,600,0.2,0.8,truncated cone with constant angle,1,10,0.4,,1400,3.198,,1.6,,,,,
145,228,600,0.2,0.8,truncated cone with constant angle,1,10,0.4,,1400,3.208,,1.6,,,,,
145,228,600,0.2,0.8,truncated cone with constant angle,1,10,0.4,,1400,3.2,,1.6,,,,,
145,228,600,0.2,0.8,truncated cone with constant angle,1,10,0.4,,600,2.7,,1.6,,,,,
145,228,600,0.2,0.8,truncated cone with constant angle,1,10,0.4,,2200,3.52,,1.6,,,,,
145,228,600,0.2,0.8,truncated cone with constant angle,1,10,0.2,,1400,3.78,,1.6,,,,,
145,228,600,0.2,0.8,truncated cone with constant angle,1,10,0.6,,1400,4.3,,1.6,,,,,
145,228,600,0.2,0.8,truncated cone with constant angle,1,8,0.4,,1400,2.75,,1.6,,,,,
145,228,600,0.2,0.8,truncated cone with constant angle,1,12,0.4,,1400,2.25,,1.6,,,,,
145,228,600,0.2,0.8,truncated cone with constant angle,0.8,10,0.4,,1400,3.95,,1.6,,,,,
145,228,600,0.2,0.8,truncated cone with constant angle,1.2,10,0.4,,1400,3.4,,1.6,,,,,
145,228,600,0.2,0.8,truncated cone with constant angle,1,10,0.4,,1400,3.2,,1.6,,,,,
145,228,600,0.2,0.8,truncated cone with constant angle,1,10,0.4,,1400,3.2,,1.6,,,,,
34,90,150,0.22,0.63,truncated cone with variable angle,0.561,10,0.4,120,400,2.551,79.704,,https://koreascience.kr/article/JAKO202110265882892.pdf,,,,
34,90,150,0.22,0.63,truncated cone with variable angle,0.536,8,0.2,120,400,2.137,80.969,,,,,,
34,90,150,0.22,0.63,truncated cone with variable angle,0.559,8,0.6,60,600,2.141,"79,974",,,,,,
34,90,150,0.22,0.63,truncated cone with variable angle,0.569,10,0.6,120,600,3.122,79.541,,,,,,
34,90,150,0.22,0.63,truncated cone with variable angle,0.561,8,0.6,120,400,2.426,"79,974",,,,,,
34,90,150,0.22,0.63,truncated cone with variable angle,0.567,10,0.6,60,600,2.97,79.541,,,,,,
34,90,150,0.22,0.63,truncated cone with variable angle,0.542,6,0.4,120,400,2.192,81.169,,,,,,
34,90,150,0.22,0.63,truncated cone with variable angle,0.548,6,0.4,120,800,2.769,81.169,,,,,,
34,90,150,0.22,0.63,truncated cone with variable angle,0.558,6,0.6,120,600,2.201,80.769,,,,,,
34,90,150,0.22,0.63,truncated cone with variable angle,0.551,6,0.4,60,600,2.329,81.169,,,,,,
34,90,150,0.22,0.63,truncated cone with variable angle,0.558,8,0.4,60,400,2.471,80.704,,,,,,
34,90,150,0.22,0.63,truncated cone with variable angle,0.557,10,0.2,120,600,2.285,79.974,,,,,,
34,90,150,0.22,0.63,truncated cone with variable angle,0.541,8,0.2,60,600,2.083,81.169,,,,,,
34,90,150,0.22,0.63,truncated cone with variable angle,0.565,8,0.6,180,600,2.232,79.974,,,,,,
34,90,150,0.22,0.63,truncated cone with variable angle,0.535,6,0.2,120,600,2.288,81.624,,,,,,
34,90,150,0.22,0.63,truncated cone with variable angle,0.548,8,0.4,120,600,2.197,80.704,,,,,,
34,90,150,0.22,0.63,truncated cone with variable angle,0.538,8,0.2,120,800,2.077,81.169,,,,,,
34,90,150,0.22,0.63,truncated cone with variable angle,0.545,8,0.4,180,400,2.143,80.704,,,,,,
34,90,150,0.22,0.63,truncated cone with variable angle,0.547,8,0.4,180,800,2.289,80.704,,,,,,
34,90,150,0.22,0.63,truncated cone with variable angle,0.56,6,0.6,180,800,2.484,80.769,,,,,,
34,90,150,0.22,0.63,truncated cone with variable angle,0.552,8,0.4,60,800,2.27,80.704,,,,,,
34,90,150,0.22,0.63,truncated cone with variable angle,0.54,8,0.2,180,600,2.16,81.169,,,,,,
34,90,150,0.22,0.63,truncated cone with variable angle,0.563,10,0.4,180,400,2.444,79.704,,,,,,
34,90,150,0.22,0.63,truncated cone with variable angle,0.558,8,0.6,120,800,2.55,79.974,,,,,,
34,90,150,0.22,0.63,truncated cone with variable angle,0.55,10,0.2,120,800,2.425,"79,974",,,,,,
34,90,150,0.22,0.63,truncated cone with variable angle,0.549,6,0.4,180,600,2.246,81.169,,,,,,
34,90,150,0.22,0.63,truncated cone with variable angle,0.56,10,0.4,120,800,2.264,79.704,,,,,,
324,469,610,0.13,0.75,Square frustum with constant angle,2,8,0.6,800,0,0.76,60,3.33,"Effect of the Single-Point Incremental Forming Process Parameters on the Surface Roughness of Aluminum Alloy Al 2024-O Draw Pieces Halal Ali Habeeb1*, Muhsin J. Jweeg2 , Ali Abbar Khleif1",,,,
324,469,610,0.13,0.75,Square frustum with constant angle,1,8,0.4,800,0,0.98,40,3.33,,,,,
324,469,610,0.13,0.75,Square frustum with constant angle,2,8,0.2,800,0,0.74,40,3.33,,,,,
324,469,610,0.13,0.75,Square frustum with constant angle,1.5,8,0.4,800,0,0.96,40,3.33,,,,,
324,469,610,0.13,0.75,Square frustum with constant angle,1.5,8,0.2,800,0,0.58,60,3.33,,,,,
324,469,610,0.13,0.75,Square frustum with constant angle,2,8,0.4,800,0,0.65,60,3.33,,,,,
324,469,610,0.13,0.75,Square frustum with constant angle,1,8,0.2,800,0,0.73,40,3.33,,,,,
324,469,610,0.13,0.75,Square frustum with constant angle,1,8,0.6,800,0,0.75,60,3.33,,,,,
324,469,610,0.13,0.75,Square frustum with constant angle,1.5,8,0.4,800,0,0.67,60,3.33,,,,,
324,469,610,0.13,0.75,Square frustum with constant angle,1.5,8,0.4,800,0,0.83,50,3.33,,,,,
324,469,610,0.13,0.75,Square frustum with constant angle,1,8,0.6,800,0,1.46,40,3.33,,,,,
324,469,610,0.13,0.75,Square frustum with constant angle,1.5,8,0.6,800,0,1.44,40,3.33,,,,,
324,469,610,0.13,0.75,Square frustum with constant angle,1,8,0.2,800,0,0.61,60,3.33,,,,,
324,469,610,0.13,0.75,Square frustum with constant angle,1,8,0.4,800,0,0.66,60,3.33,,,,,
324,469,610,0.13,0.75,Square frustum with constant angle,1.5,8,0.6,800,0,1.3,50,3.33,,,,,
324,469,610,0.13,0.75,Square frustum with constant angle,1,8,0.4,800,0,0.82,50,3.33,,,,,
324,469,610,0.13,0.75,Square frustum with constant angle,2,8,0.2,800,0,0.55,60,3.33,,,,,
324,469,610,0.13,0.75,Square frustum with constant angle,1.5,8,0.6,800,0,0.75,60,3.33,,,,,
324,469,610,0.13,0.75,Square frustum with constant angle,2,8,0.4,800,0,0.82,50,3.33,,,,,
324,469,610,0.13,0.75,Square frustum with constant angle,2,8,0.4,800,0,0.97,40,3.33,,,,,
324,469,610,0.13,0.75,Square frustum with constant angle,2,8,0.6,800,0,1.32,50,3.33,,,,,
324,469,610,0.13,0.75,Square frustum with constant angle,1,8,0.6,800,0,1.31,50,3.33,,,,,
324,469,610,0.13,0.75,Square frustum with constant angle,1,8,0.2,800,0,0.69,50,3.33,,,,,
324,469,610,0.13,0.75,Square frustum with constant angle,2,8,0.2,800,0,0.68,50,3.33,,,,,
324,469,610,0.13,0.75,Square frustum with constant angle,2,8,0.6,800,0,1.42,40,3.33,,,,,
324,469,610,0.13,0.75,Square frustum with constant angle,1.5,8,0.2,800,0,0.73,40,3.33,,,,,
324,469,610,0.13,0.75,Square frustum with constant angle,1.5,8,0.2,800,0,0.67,50,3.33,,,,,
28,170,705,0.28,0.63,Square frustum with variable angle,1,10,0.25,300,500,2.6,78.69,5,https://www.researchgate.net/publication/330187110_Optimization_of_processing_parameters_and_surface_roughness_of_metallic_sheets_plastically_deformed_by_incremental_forming_process,,,,
28,170,705,0.28,0.63,Square frustum with variable angle,1,10,0.5,600,1000,2.8,78.69,5,,,,,
28,170,705,0.28,0.63,Square frustum with variable angle,1,10,0.75,900,1500,2.2,78.69,5,,,,,
173,311,619,0.24,1.8,Square frustum with variable angle,1,10,0.5,300,500,7.2,78.69,5,,,,,
173,311,619,0.24,1.8,Square frustum with variable angle,1,10,0.75,600,1000,3.4,78.69,5,,,,,
173,311,619,0.24,1.8,Square frustum with variable angle,1,10,0.25,900,1500,5,78.69,5,,,,,
33.3,220,515,0.41,0.45,Square frustum with variable angle,1,10,0.25,600,300,1.1,78.69,5,,,,,
33.3,220,515,0.41,0.45,Square frustum with variable angle,1,10,0.5,900,1000,1.28,78.69,5,,,,,
33.3,220,515,0.41,0.45,Square frustum with variable angle,1,10,0.75,300,1500,1.6,78.69,5,,,,,
28,170,705,0.28,0.63,Square frustum with variable angle,1,10,0.75,900,500,1.25,78.69,5,,,,,
28,170,705,0.28,0.63,Square frustum with variable angle,1,10,0.25,300,1000,1.76,78.69,5,,,,,
28,170,705,0.28,0.63,Square frustum with variable angle,1,10,0.5,600,1500,1.32,78.69,5,,,,,
173,311,619,0.24,1.8,Square frustum with variable angle,1,10,0.75,600,500,1.95,78.69,5,,,,,
173,311,619,0.24,1.8,Square frustum with variable angle,1,10,0.25,900,1000,1.77,78.69,5,,,,,
173,311,619,0.24,1.8,Square frustum with variable angle,1,10,0.5,300,1500,3.76,78.69,5,,,,,
33.3,220,515,0.41,0.45,Square frustum with variable angle,1,10,0.5,900,500,3.99,78.69,5,,,,,
33.3,220,515,0.41,0.45,Square frustum with variable angle,1,10,0.75,300,1000,1.6,78.69,5,,,,,
33.3,220,515,0.41,0.45,Square frustum with variable angle,1,10,0.25,600,1500,3.51,78.69,5,,,,,
243.4,272.5,441,0.16,0.73,truncated cone with constant angle,0.726,12,0.25,500,1500,4.38,,1,https://pdf.sciencedirectassets.com/278653/1-s2.0-S1877705814X00354/1-s2.0-S1877705814035127/main.pdf?X-Amz-Security-Token=IQoJb3JpZ2luX2VjEIH%2F%2F%2F%2F%2F%2F%2F%2F%2F%2FwEaCXVzLWVhc3QtMSJGMEQCICgUTclv1VkXGNFalJ0ht0VJ%2BlAEr55BYVGoP0hP2Qn7AiB90r3DlFN2n0RvWKh%2FfHOaIamZa4rGZblPCZ9juOVheSqzBQgqEAUaDDA1OTAwMzU0Njg2NSIM3lyeEY0tBf%2B1MN4nKpAFEtGcmIuQaiJi%2F3d7O71pN13nxT0cr9x%2BNgSZayfLOBpcO3neDISngYpOR%2BV5O2O18s%2FDkgR0jEzh849LxLIwHdZJLXVV6oIejkS5Q0sO5V1tAjiXFs%2BY4AX1GOiB8m5QM1wT66oYwKZ0sRsgvevrV7wFSofgmBTapBr9cBjFu6ChsM%2B6zJr0vvBY8%2BNK%2Bms2ohszUja93PmcVUGZMNPxT6izSpXnCsbak%2FQz1aS9zo7eB2vnMBWCOww2CtPXtnPyz5l9Ze9QgJ2EWiu1hCeurXKS%2FUc7%2F%2B9yzE5smjlHvt3Ly31dDS5VR%2BCgYmhrR70232%2BOGD4u2u0d8SxOMhESYCihUkqk6W263WznybFSR3GtE11P2wuPAPb93aLxYnu%2FS%2BL80FHT%2B44yvPM%2BaTBsnbhO%2FiMjlyzRWlwV%2BNrFI%2FI4rIBWJgfx9f83QRHFBLpkij7CjBzRWdF8uA2qf9k4zxP1ABU3kWvgdk6Po3ZSGrZ0tUHvsETxRD%2F6guJT%2BXcKtxrardpwS3YKc%2FFOBrnSczbZSRd4mujZFL%2BoCLLhxcfx4xAyzDjk5%2Ba7M3SPUkI0%2FLmSQ7hJJxDaE5VKNqT5xk0HVClC5PleR0Jr8zxg7GDDulI9Vd4hXgwxicV5kBKXlxx5NuGYWloKASgDV0mzQfgUlMFU%2BuLVrIWcv3%2Fa%2BUQ7uTe%2BRfLYa3Qz8%2Bzu4Mi1bwX3ZwN5J%2FqJRusVDFoO72CGfUPg02PbTx9opvpxFMb%2F09ng6FVHGREyObzmUMXdc2kFmHHhCqgovLe2FfNaf5yKjnBH0%2FMZV%2B5CKHsZvrG2HFJZ0WMjeKYD7dM%2FtCBM%2BcSBOk6n2AixitsWt2%2B3a5w9%2BqGwV9Hmd5FHx01zMEow3rzKswY6sgHzt4uVlpf9eLCE7doWCZioSywtSykeojzsnC26N3ah0Rx6iyreRSX9HM4p2%2BvU3JWDXHPi%2BvJZoWe8%2FsoeNKZCV9QkQvC9tePo85Lbl9Ep73gBe67kdDyA89aOfziP10gvaJCikDIrL%2BMY1ycao3ZzwmCAGTKe6gtENXLuOK4Y4yxNakzBilthyGrISl2cThEnQyHwTwzRCYoqzgn2msOSXlwh9wsQSZ%2FPZtC4YSpvYFGV&X-Amz-Algorithm=AWS4-HMAC-SHA256&X-Amz-Date=20240619T093828Z&X-Amz-SignedHeaders=host&X-Amz-Expires=300&X-Amz-Credential=ASIAQ3PHCVTYTD4WQ75E%2F20240619%2Fus-east-1%2Fs3%2Faws4_request&X-Amz-Signature=9cc313741a903abdbab6b7e6d0009734c007bfe852e01fd9b6973267a57e865c&hash=3132d2ed09374a3ea8f2159a9530d0dfb91e55df82b40068461b08b75d274f5c&host=68042c943591013ac2b2430a89b270f6af2c76d8dfd086a07176afe7c76c2c61&pii=S1877705814035127&tid=spdf-2b0b7241-95d9-4bed-9d70-bb0e8d5f3f06&sid=9313ff2832801949cc694c524616a9f552d4gxrqb&type=client&tsoh=d3d3LnNjaWVuY2VkaXJlY3QuY29t&ua=0b085c5e5154570501&rr=89628bdb59fc338a&cc=in,,,,
243.4,272.5,441,0.16,0.73,truncated cone with constant angle,0.671,12,0.25,500,2500,3.78,,1,,,,,
243.4,272.5,441,0.16,0.73,truncated cone with constant angle,0.739,12,0.25,800,1500,3.47,,1,,,,,
243.4,272.5,441,0.16,0.73,truncated cone with constant angle,0.697,12,0.25,800,2500,3.85,,1,,,,,
243.4,272.5,441,0.16,0.73,truncated cone with constant angle,0.732,12,0.75,500,1500,3.37,,1,,,,,
243.4,272.5,441,0.16,0.73,truncated cone with constant angle,0.691,12,0.75,500,2500,3.89,,1,,,,,
243.4,272.5,441,0.16,0.73,truncated cone with constant angle,0.726,12,0.75,800,1500,3.29,,1,,,,,
243.4,272.5,441,0.16,0.73,truncated cone with constant angle,0.701,12,0.75,800,2500,3.94,,1,,,,,
243.4,272.5,441,0.16,0.73,truncated cone with constant angle,0.716,12,0.5,650,1500,5.06,,1,,,,,
243.4,272.5,441,0.16,0.73,truncated cone with constant angle,0.648,12,0.5,650,2500,5.28,,1,,,,,
243.4,272.5,441,0.16,0.73,truncated cone with constant angle,0.711,12,0.5,500,2000,3.54,,1,,,,,
243.4,272.5,441,0.16,0.73,truncated cone with constant angle,0.738,12,0.5,500,2000,3.32,,1,,,,,
243.4,272.5,441,0.16,0.73,truncated cone with constant angle,0.741,12,0.25,650,2000,2.41,,1,,,,,
243.4,272.5,441,0.16,0.73,truncated cone with constant angle,0.745,12,0.25,650,2000,1.92,,1,,,,,
243.4,272.5,441,0.16,0.73,truncated cone with constant angle,0.754,12,0.5,650,2000,2.81,,1,,,,,
243.4,272.5,441,0.16,0.73,truncated cone with constant angle,0.754,12,0.5,650,2000,2.81,,1,,,,,
243.4,272.5,441,0.16,0.73,truncated cone with constant angle,0.754,12,0.5,650,2000,2.81,,1,,,,,
243.4,272.5,441,0.16,0.73,truncated cone with constant angle,0.754,12,0.5,650,2000,2.81,,1,,,,,
243.4,272.5,441,0.16,0.73,truncated cone with constant angle,0.754,12,0.5,650,2000,2.81,,1,,,,,
243.4,272.5,441,0.16,0.73,truncated cone with constant angle,0.754,12,0.5,650,2000,2.81,,1,,,,,
